,askPrice1,bidPrice1,askVolume1,bidVolume1,lastPrice,volume,openInterest,spread
m1701,,,,,,,,3.0
m1703,,,,,,,,3.0
m1703-C-2250,,,,,,,,3.0
m1703-C-2300,,,,,,,,3.0
m1703-C-2350,,,,,,,,3.0
m1703-C-2400,,,,,,,,3.0
m1703-C-2450,,,,,,,,3.0
m1703-C-2500,,,,,,,,3.0
m1703-C-2550,,,,,,,,3.0
m1703-C-2600,,,,,,,,3.0
m1703-C-2650,,,,,,,,3.0
m1703-C-2700,,,,,,,,3.0
m1703-C-2750,,,,,,,,3.0
m1703-C-2800,,,,,,,,3.0
m1703-C-2850,,,,,,,,3.0
m1703-C-2900,,,,,,,,3.0
m1703-C-2950,,,,,,,,3.0
m1703-C-3000,,,,,,,,3.0
m1703-C-3050,,,,,,,,3.0
m1703-C-3100,,,,,,,,3.0
m1703-C-3150,,,,,,,,3.0
m1703-C-3200,,,,,,,,3.0
m1703-C-3250,,,,,,,,3.0
m1703-C-3300,,,,,,,,3.0
m1703-C-3350,,,,,,,,3.0
m1703-C-3400,,,,,,,,3.0
m1703-C-3450,,,,,,,,3.0
m1703-C-3500,,,,,,,,3.0
m1703-C-3550,,,,,,,,3.0
m1703-P-2250,,,,,,,,3.0
m1703-P-2300,,,,,,,,3.0
m1703-P-2350,,,,,,,,3.0
m1703-P-2400,,,,,,,,3.0
m1703-P-2450,,,,,,,,3.0
m1703-P-2500,,,,,,,,3.0
m1703-P-2550,,,,,,,,3.0
m1703-P-2600,,,,,,,,3.0
m1703-P-2650,,,,,,,,3.0
m1703-P-2700,,,,,,,,3.0
m1703-P-2750,,,,,,,,3.0
m1703-P-2800,,,,,,,,3.0
m1703-P-2850,,,,,,,,3.0
m1703-P-2900,,,,,,,,3.0
m1703-P-2950,,,,,,,,3.0
m1703-P-3000,,,,,,,,3.0
m1703-P-3050,,,,,,,,3.0
m1703-P-3100,,,,,,,,3.0
m1703-P-3150,,,,,,,,3.0
m1703-P-3200,,,,,,,,3.0
m1703-P-3250,,,,,,,,3.0
m1703-P-3300,,,,,,,,3.0
m1703-P-3350,,,,,,,,3.0
m1703-P-3400,,,,,,,,3.0
m1703-P-3450,,,,,,,,3.0
m1703-P-3500,,,,,,,,3.0
m1703-P-3550,,,,,,,,3.0
m1705,,,,,,,,3.0
m1705-C-2450,,,,,,,,3.0
m1705-C-2500,,,,,,,,3.0
m1705-C-2550,,,,,,,,3.0
m1705-C-2600,,,,,,,,3.0
m1705-C-2650,,,,,,,,3.0
m1705-C-2700,,,,,,,,3.0
m1705-C-2750,,,,,,,,3.0
m1705-C-2800,,,,,,,,3.0
m1705-C-2850,,,,,,,,3.0
m1705-C-2900,,,,,,,,3.0
m1705-C-2950,,,,,,,,3.0
m1705-C-3000,,,,,,,,3.0
m1705-C-3050,,,,,,,,3.0
m1705-C-3100,,,,,,,,3.0
m1705-C-3150,,,,,,,,3.0
m1705-C-3200,,,,,,,,3.0
m1705-C-3250,,,,,,,,3.0
m1705-C-3300,,,,,,,,3.0
m1705-C-3350,,,,,,,,3.0
m1705-C-3400,,,,,,,,3.0
m1705-C-3450,,,,,,,,3.0
m1705-P-2450,,,,,,,,3.0
m1705-P-2500,,,,,,,,3.0
m1705-P-2550,,,,,,,,3.0
m1705-P-2600,,,,,,,,3.0
m1705-P-2650,,,,,,,,3.0
m1705-P-2700,,,,,,,,3.0
m1705-P-2750,,,,,,,,3.0
m1705-P-2800,,,,,,,,3.0
m1705-P-2850,,,,,,,,3.0
m1705-P-2900,,,,,,,,3.0
m1705-P-2950,,,,,,,,3.0
m1705-P-3000,,,,,,,,3.0
m1705-P-3050,,,,,,,,3.0
m1705-P-3100,,,,,,,,3.0
m1705-P-3150,,,,,,,,3.0
m1705-P-3200,,,,,,,,3.0
m1705-P-3250,,,,,,,,3.0
m1705-P-3300,,,,,,,,3.0
m1705-P-3350,,,,,,,,3.0
m1705-P-3400,,,,,,,,3.0
m1705-P-3450,,,,,,,,3.0
m1707,,,,,,,,3.0
m1707-C-2450,,,,,,,,3.0
m1707-C-2500,,,,,,,,3.0
m1707-C-2550,,,,,,,,3.0
m1707-C-2600,,,,,,,,3.0
m1707-C-2650,,,,,,,,3.0
m1707-C-2700,,,,,,,,3.0
m1707-C-2750,,,,,,,,3.0
m1707-C-2800,,,,,,,,3.0
m1707-C-2850,,,,,,,,3.0
m1707-C-2900,,,,,,,,3.0
m1707-C-2950,,,,,,,,3.0
m1707-C-3000,,,,,,,,3.0
m1707-C-3050,,,,,,,,3.0
m1707-C-3100,,,,,,,,3.0
m1707-C-3150,,,,,,,,3.0
m1707-C-3200,,,,,,,,3.0
m1707-P-2450,,,,,,,,3.0
m1707-P-2500,,,,,,,,3.0
m1707-P-2550,,,,,,,,3.0
m1707-P-2600,,,,,,,,3.0
m1707-P-2650,,,,,,,,3.0
m1707-P-2700,,,,,,,,3.0
m1707-P-2750,,,,,,,,3.0
m1707-P-2800,,,,,,,,3.0
m1707-P-2850,,,,,,,,3.0
m1707-P-2900,,,,,,,,3.0
m1707-P-2950,,,,,,,,3.0
m1707-P-3000,,,,,,,,3.0
m1707-P-3050,,,,,,,,3.0
m1707-P-3100,,,,,,,,3.0
m1707-P-3150,,,,,,,,3.0
m1707-P-3200,,,,,,,,3.0
m1708,,,,,,,,3.0
m1708-C-2450,,,,,,,,3.0
m1708-C-2500,,,,,,,,3.0
m1708-C-2550,,,,,,,,3.0
m1708-C-2600,,,,,,,,3.0
m1708-C-2650,,,,,,,,3.0
m1708-C-2700,,,,,,,,3.0
m1708-C-2750,,,,,,,,3.0
m1708-C-2800,,,,,,,,3.0
m1708-C-2850,,,,,,,,3.0
m1708-C-2900,,,,,,,,3.0
m1708-C-2950,,,,,,,,3.0
m1708-C-3000,,,,,,,,3.0
m1708-C-3050,,,,,,,,3.0
m1708-C-3100,,,,,,,,3.0
m1708-C-3150,,,,,,,,3.0
m1708-C-3200,,,,,,,,3.0
m1708-C-3250,,,,,,,,3.0
m1708-P-2450,,,,,,,,3.0
m1708-P-2500,,,,,,,,3.0
m1708-P-2550,,,,,,,,3.0
m1708-P-2600,,,,,,,,3.0
m1708-P-2650,,,,,,,,3.0
m1708-P-2700,,,,,,,,3.0
m1708-P-2750,,,,,,,,3.0
m1708-P-2800,,,,,,,,3.0
m1708-P-2850,,,,,,,,3.0
m1708-P-2900,,,,,,,,3.0
m1708-P-2950,,,,,,,,3.0
m1708-P-3000,,,,,,,,3.0
m1708-P-3050,,,,,,,,3.0
m1708-P-3100,,,,,,,,3.0
m1708-P-3150,,,,,,,,3.0
m1708-P-3200,,,,,,,,3.0
m1708-P-3250,,,,,,,,3.0
m1709,,,,,,,,3.0
m1709-C-2500,,,,,,,,3.0
m1709-C-2550,,,,,,,,3.0
m1709-C-2600,,,,,,,,3.0
m1709-C-2650,,,,,,,,3.0
m1709-C-2700,,,,,,,,3.0
m1709-C-2750,,,,,,,,3.0
m1709-C-2800,,,,,,,,3.0
m1709-C-2850,,,,,,,,3.0
m1709-C-2900,,,,,,,,3.0
m1709-C-2950,,,,,,,,3.0
m1709-C-3000,,,,,,,,3.0
m1709-C-3050,,,,,,,,3.0
m1709-C-3100,,,,,,,,3.0
m1709-C-3150,,,,,,,,3.0
m1709-C-3200,,,,,,,,3.0
m1709-P-2500,,,,,,,,3.0
m1709-P-2550,,,,,,,,3.0
m1709-P-2600,,,,,,,,3.0
m1709-P-2650,,,,,,,,3.0
m1709-P-2700,,,,,,,,3.0
m1709-P-2750,,,,,,,,3.0
m1709-P-2800,,,,,,,,3.0
m1709-P-2850,,,,,,,,3.0
m1709-P-2900,,,,,,,,3.0
m1709-P-2950,,,,,,,,3.0
m1709-P-3000,,,,,,,,3.0
m1709-P-3050,,,,,,,,3.0
m1709-P-3100,,,,,,,,3.0
m1709-P-3150,,,,,,,,3.0
m1709-P-3200,,,,,,,,3.0
m1711,,,,,,,,3.0
m1711-C-2600,,,,,,,,3.0
m1711-C-2650,,,,,,,,3.0
m1711-C-2700,,,,,,,,3.0
m1711-C-2750,,,,,,,,3.0
m1711-C-2800,,,,,,,,3.0
m1711-C-2850,,,,,,,,3.0
m1711-C-2900,,,,,,,,3.0
m1711-C-2950,,,,,,,,3.0
m1711-C-3000,,,,,,,,3.0
m1711-C-3050,,,,,,,,3.0
m1711-C-3100,,,,,,,,3.0
m1711-C-3150,,,,,,,,3.0
m1711-C-3200,,,,,,,,3.0
m1711-P-2600,,,,,,,,3.0
m1711-P-2650,,,,,,,,3.0
m1711-P-2700,,,,,,,,3.0
m1711-P-2750,,,,,,,,3.0
m1711-P-2800,,,,,,,,3.0
m1711-P-2850,,,,,,,,3.0
m1711-P-2900,,,,,,,,3.0
m1711-P-2950,,,,,,,,3.0
m1711-P-3000,,,,,,,,3.0
m1711-P-3050,,,,,,,,3.0
m1711-P-3100,,,,,,,,3.0
m1711-P-3150,,,,,,,,3.0
m1711-P-3200,,,,,,,,3.0
